category_id,url,name
8322,/nha-sach-tiki/c8322,Nhà Sách Tiki
316,/sach-truyen-tieng-viet/c316,Sách tiếng Việt
846,/sach-kinh-te/c846,Sách kinh tế
5246,/sach-tai-chinh-tien-te/c5246,"Sách tài chính, tiền tệ"
8322,/nha-sach-tiki/c8322,Nhà Sách Tiki
316,/sach-truyen-tieng-viet/c316,Sách tiếng Việt
870,/sach-ky-nang-song/c870,Sách kỹ năng sống
871,/sach-ky-nang-song/c871,Sách tư duy - Kỹ năng sống
8322,/nha-sach-tiki/c8322,Nhà Sách Tiki
316,/sach-truyen-tieng-viet/c316,Sách tiếng Việt
839,/sach-van-hoc/c839,Sách văn học
845,/truyen-ngan-tan-van-tap-van/c845,Truyện ngắn - Tản văn - Tạp Văn
